ProductID,Category,Brand,ProductName,Cost,Price,UnitsSold,Revenue,Profit,Orders
1,Electronics,Fusion,Camera,41.86,59.86,336,19146.22,5081.26,88
2,Sports,Prime,Tennis Racket,392.99,738.82,254,178498.94,78679.48,77
3,Electronics,Prime,Tablet,92.41,117.36,330,36745.4,6250.099999999999,89
4,Electronics,Atlas,Phone,606.35,897.4,403,340473.56,96114.51,104
5,Electronics,Prime,Laptop,186.82,375.51,466,166632.59,79574.47,121
6,Furniture,Vertex,Cabinet,664.17,1162.3,226,242281.41,92178.99,71
7,Sports,Atlas,Football,267.77,546.25,308,162072.4,79599.24,83
8,Electronics,Nova,Headphones,191.12,261.83,406,99547.81,21953.09,107
9,Furniture,Vertex,Bookshelf,435.26,661.6,322,203872.04,63718.32,83
10,Sports,Apex,Tennis Racket,453.4,875.06,272,222002.68,98677.88,87
11,Home,Fusion,Blender,115.22,169.37,427,68798.06,19599.12,105
12,Furniture,Fusion,Standing Desk,506.96,1079.82,188,190750.25,95441.77,82
13,Furniture,Nova,Desk,220.16,453.53,406,174246.16999999998,84861.21,104
14,Home,Pioneer,Vacuum,576.32,876.01,335,282469.48,89402.28,91
15,Home,Prime,Coffee Maker,251.5,510.54,376,183896.48,89332.48,101
16,Clothing,Pioneer,T-Shirt,134.68,278.79,316,84027.26,41468.38,92
17,Clothing,Vertex,Jeans,382.71,539.62,359,184361.19,46968.3,97
18,Electronics,Prime,Phone,331.53,510.56,432,213643.81,70422.85,112
19,Clothing,Atlas,Jeans,361.52,817.04,172,133912.86,71731.42,60
20,Sports,Apex,Basketball,541.57,1083.14,195,203522.04,97915.89,75
21,Furniture,Prime,Cabinet,489.7,866.77,292,238058.36,95065.96,90
22,Clothing,Atlas,Jeans,509.22,687.45,422,275289.41,60398.57,111
23,Electronics,Nova,Mouse,31.09,60.94,311,18218.02,8549.03,77
24,Clothing,Prime,Jacket,147.22,212.0,420,84015.6,22183.2,104
25,Clothing,Apex,Jacket,580.83,859.63,354,288835.72,83221.9,93
26,Electronics,Prime,Headphones,511.27,1068.55,184,184324.93,90251.25,69
27,Electronics,Atlas,Phone,70.73,131.56,472,58846.76,25462.2,122
28,Home,Vertex,Vacuum,383.34,716.85,357,242546.25,105693.87,105
29,Furniture,Fusion,Cabinet,68.54,133.65,346,44238.18,20523.34,92
30,Furniture,Vertex,Chair,286.47,446.89,287,121442.34,39225.45,71
31,Electronics,Nova,Headphones,599.1,1198.2,156,179011.08,85551.48,60
32,Sports,Fusion,Tennis Racket,350.18,791.41,273,207270.29,111671.15000000001,91
33,Electronics,Prime,Camera,672.71,1439.6,120,161739.06,81013.86,55
34,Sports,Vertex,Tennis Racket,624.82,756.03,435,312694.05,40897.35,110
35,Furniture,Nova,Desk,698.1,858.66,373,305682.95,45291.65,95
36,Clothing,Atlas,Sneakers,82.85,111.02,390,41199.51,8888.01,97
37,Sports,Fusion,Basketball,174.85,283.26,354,95968.45999999999,34071.56,92
38,Home,Atlas,Blender,511.84,1079.98,162,162428.95,79510.87,68
39,Electronics,Pioneer,Headphones,642.09,1393.34,164,213668.74,108365.98,69
40,Furniture,Vertex,Bookshelf,260.69,539.63,348,178914.30000000002,88194.18,95
41,Electronics,Nova,Phone,221.3,283.26,360,96322.55,16654.55,97
42,Sports,Vertex,Tennis Racket,204.35,365.79,363,126014.6,51835.55,108
43,Furniture,Nova,Bookshelf,373.27,589.77,342,189817.44,62159.1,95
44,Sports,Vertex,Football,530.78,875.79,271,225253.16,81411.78,76
45,Furniture,Nova,Chair,426.56,750.75,373,264113.8,105006.92,100
46,Furniture,Nova,Bookshelf,196.14,307.94,416,122544.75,40950.51,105
47,Electronics,Prime,Keyboard,653.98,1281.8,190,230083.1,105826.90000000001,73
48,Clothing,Pioneer,Jacket,366.18,604.2,363,209325.09,76401.75,104
49,Electronics,Apex,Mouse,443.18,912.95,272,232756.67,112211.70999999999,94
50,Furniture,Prime,Bookshelf,655.24,1094.25,255,268364.78,101278.58,82
51,Electronics,Prime,Phone,85.98,115.21,381,41585.06,8826.68,99
52,Electronics,Nova,Laptop,660.97,1427.7,110,150622.34,77915.64,55
53,Sports,Atlas,Football,256.12,420.04,352,140377.38,50223.14,95
54,Electronics,Nova,Laptop,273.47,533.27,452,231945.83,108337.39,109
55,Clothing,Vertex,Jacket,74.46,103.5,446,44318.66,11109.5,121
56,Clothing,Atlas,Jeans,252.28,529.79,328,165320.91,82573.06999999999,93
57,Sports,Pioneer,Football,308.19,406.81,436,168358.36000000002,33987.520000000004,105
58,Home,Vertex,Microwave,535.32,1022.46,260,248968.99,109785.79,84
59,Sports,Apex,Football,688.82,1453.41,130,172883.17,83336.57,57
60,Electronics,Nova,Phone,173.26,379.44,451,162324.42,84184.16,118
61,Sports,Vertex,Yoga Mat,547.27,864.69,297,241810.57,79271.38,86
62,Home,Fusion,Lamp,516.98,920.22,252,222555.24,92276.28,85
63,Electronics,Pioneer,Monitor,167.45,269.59,326,82332.76,27744.06,85
64,Electronics,Pioneer,Laptop,76.22,122.71,386,45310.69,15889.77,100
65,Electronics,Atlas,Laptop,357.64,819.0,233,181162.8,97832.68000000001,77
66,Electronics,Nova,Keyboard,203.61,285.05,438,118395.55,29214.37,109
67,Home,Prime,Blender,410.11,565.95,406,220946.89,54442.23,94
68,Sports,Prime,Tennis Racket,438.52,828.8,292,228417.28,100369.44,90
69,Sports,Pioneer,Tennis Racket,566.61,1223.88,181,211364.05000000002,108807.64,77
70,Clothing,Pioneer,Hat,451.02,920.08,171,149558.99,72434.57,68
71,Home,Atlas,Vacuum,622.96,953.13,324,293278.06,91439.02,90
72,Clothing,Vertex,Hat,271.95,611.89,305,176897.35,93952.6,82
73,Furniture,Prime,Standing Desk,397.91,604.82,366,208088.34,62453.28,94
74,Sports,Prime,Bicycle,400.79,829.64,324,256234.31,126378.35,103
75,Furniture,Prime,Chair,623.93,823.59,464,362420.7,72917.18,115
76,Furniture,Fusion,Standing Desk,547.47,1122.31,184,193935.13,93200.65000000001,71
77,Home,Fusion,Lamp,394.09,878.82,233,194219.27,102396.3,85
78,Sports,Fusion,Basketball,693.07,1192.08,259,291523.17,112018.04,90
79,Electronics,Nova,Camera,535.84,1216.36,160,188231.72999999998,102497.33,69
80,Home,Pioneer,Coffee Maker,525.75,809.65,381,294591.07,94280.31999999999,96
81,Furniture,Pioneer,Cabinet,426.68,665.62,311,196624.17,63926.69,89
82,Sports,Atlas,Bicycle,456.88,1000.57,248,232682.5,119376.26000000001,88
83,Furniture,Apex,Cabinet,531.12,1125.97,178,189275.54,94736.18,67
84,Electronics,Nova,Mouse,672.21,1465.42,103,144710.24000000002,75472.61,44
85,Furniture,Atlas,Cabinet,428.95,677.74,429,279533.86,95514.31,114
86,Furniture,Pioneer,Bookshelf,415.41,660.5,351,218526.43,72717.52,95
87,Furniture,Atlas,Bookshelf,464.34,603.64,446,256667.75,49572.11,110
88,Home,Nova,Lamp,267.92,442.07,534,226450.37,83381.09,117
89,Furniture,Nova,Desk,395.45,826.49,306,235838.96,114831.26,89
90,Furniture,Apex,Chair,566.03,877.35,434,357739.52,112082.5,115
91,Electronics,Fusion,Keyboard,591.1,1211.75,206,230111.31,108344.71,73
92,Sports,Apex,Football,172.22,358.22,421,144864.17,72359.55,115
93,Sports,Nova,Bicycle,440.1,545.72,409,215586.66999999998,35585.770000000004,99
94,Furniture,Pioneer,Bookshelf,527.87,633.44,355,213279.29,25885.44,106
95,Sports,Fusion,Yoga Mat,422.27,928.99,237,205957.07,105879.08,74
96,Electronics,Fusion,Laptop,86.16,196.44,385,71690.78,38519.18,102
97,Sports,Prime,Football,57.16,110.89,352,37364.37,17244.05,99
98,Sports,Nova,Bicycle,577.37,1218.25,199,225193.47,110296.84,81
99,Electronics,Pioneer,Phone,265.76,334.86,441,141712.75,24512.59,99
100,Clothing,Prime,T-Shirt,208.66,390.19,408,151042.51,65909.23,106
101,Clothing,Prime,T-Shirt,319.93,655.86,308,191937.42,93398.98,78
102,Sports,Pioneer,Football,610.93,1368.48,128,167433.54,89234.5,66
103,Home,Pioneer,Coffee Maker,39.96,64.34,320,19475.72,6688.5199999999995,82
104,Clothing,Fusion,Jeans,16.69,29.04,370,10278.73,4103.43,96
105,Sports,Fusion,Bicycle,276.56,348.47,380,126651.46,21558.66,107
106,Furniture,Vertex,Bookshelf,535.26,883.18,376,315516.02,114258.26,97
107,Sports,Nova,Football,244.46,442.47,307,129223.38,54174.159999999996,84
108,Home,Vertex,Microwave,646.37,1434.94,187,250397.06,129525.87000000001,79
109,Sports,Nova,Tennis Racket,51.42,105.93,332,33516.25,16444.81,89
110,Home,Vertex,Lamp,473.87,706.07,310,209032.06,62132.36,76
111,Furniture,Vertex,Chair,320.44,416.57,362,142570.99,26571.71,102
112,Clothing,Apex,Jeans,501.87,697.6,362,241090.56,59413.62,95
113,Home,Fusion,Vacuum,329.7,731.93,243,167868.13,87751.03,76
114,Electronics,Vertex,Monitor,595.43,1303.99,117,141808.88,72143.56999999999,53
115,Electronics,Nova,Phone,424.03,508.84,372,179620.53,21881.37,96
116,Furniture,Pioneer,Bookshelf,170.39,299.89,321,92695.99,38000.8,89
117,Clothing,Apex,Jacket,330.07,594.13,419,236047.82,97748.49,113
118,Home,Pioneer,Vacuum,137.32,232.07,279,61835.08,23522.8,83
119,Sports,Pioneer,Bicycle,218.43,404.1,381,147415.73,64193.9,95
120,Furniture,Fusion,Cabinet,229.5,309.83,415,124071.44,28828.94,102
121,Clothing,Fusion,Hat,34.89,73.27,406,28011.16,13845.82,101
122,Clothing,Vertex,Jeans,696.48,1016.86,354,342427.59,95873.67,85
123,Clothing,Vertex,T-Shirt,281.86,504.53,350,170758.12,72107.12,81
124,Home,Vertex,Microwave,468.76,651.58,419,256885.43,60474.99,103
125,Electronics,Fusion,Laptop,584.6,1110.74,241,250527.43,109638.83,79
126,Sports,Vertex,Tennis Racket,579.99,759.79,320,232001.83,46405.03,79
127,Clothing,Atlas,Hat,651.76,1081.92,258,266693.29000000004,98539.21,83
128,Sports,Pioneer,Bicycle,515.51,896.99,286,245461.28,98025.42,79
129,Sports,Prime,Yoga Mat,167.54,279.79,361,95702.12,35220.18,93
130,Furniture,Atlas,Cabinet,173.91,231.3,338,74374.56,15592.98,95
131,Furniture,Nova,Cabinet,478.66,741.92,429,302592.05,97246.91,108
132,Clothing,Pioneer,Jacket,402.84,680.8,445,291178.16,111914.36,120
133,Electronics,Pioneer,Camera,551.0,1019.35,221,213757.73,91986.73,77
134,Home,Fusion,Microwave,478.12,1094.89,157,163357.59,88292.75,61
135,Home,Vertex,Vacuum,284.85,635.22,336,199935.51,104225.91,100
136,Home,Prime,Lamp,547.02,743.95,383,271690.56,62181.9,92
137,Electronics,Vertex,Mouse,536.35,863.52,399,321574.87,107571.22,109
138,Electronics,Apex,Tablet,130.41,246.47,418,98218.36,43706.979999999996,110
139,Furniture,Pioneer,Desk,694.54,1354.35,165,209314.8,94715.7,67
140,Clothing,Fusion,T-Shirt,545.21,975.93,251,230075.47,93227.76,82
141,Electronics,Nova,Keyboard,286.43,392.41,466,175583.93,42107.55,122
142,Sports,Apex,Football,55.56,101.67,378,36616.49,15614.810000000001,96
143,Sports,Nova,Yoga Mat,678.4,1377.15,188,240312.71,112773.51,79
144,Sports,Vertex,Tennis Racket,376.31,733.8,296,209096.31,97708.55,90
145,Home,Atlas,Lamp,428.23,650.91,399,246076.52,75212.75,102
146,Electronics,Prime,Tablet,93.18,205.93,443,86830.34,45551.6,111
147,Clothing,Vertex,T-Shirt,666.22,1305.79,200,247251.29,114007.29000000001,77
148,Sports,Pioneer,Yoga Mat,682.63,1269.69,196,232861.1,99065.62,70
149,Clothing,Apex,Hat,678.5,1295.93,158,193741.5,86538.5,67
150,Sports,Atlas,Bicycle,593.06,1109.02,191,198902.77,85628.31,73
151,Electronics,Atlas,Phone,202.08,343.54,367,121132.22,46968.86,96
152,Sports,Nova,Yoga Mat,673.89,1368.0,136,174420.0,82770.96,58
153,Home,Atlas,Vacuum,253.07,354.3,351,119186.53,30358.96,89
154,Home,Prime,Microwave,276.39,392.47,334,126689.33,34375.07,86
155,Furniture,Fusion,Desk,654.06,1111.9,261,269190.98,98481.31999999999,88
156,Electronics,Fusion,Phone,504.99,974.63,192,177285.19,80327.11,64
157,Home,Vertex,Lamp,374.88,607.31,329,192092.16,68756.64,82
158,Sports,Pioneer,Tennis Racket,641.15,1128.42,268,282500.0,110671.8,93
159,Furniture,Fusion,Chair,227.48,416.29,414,165496.13,71319.41,90
160,Electronics,Pioneer,Mouse,478.69,574.43,334,181031.63999999998,21149.18,91
161,Furniture,Nova,Chair,261.23,514.62,427,207417.59,95872.38,116
162,Clothing,Pioneer,Sneakers,269.75,507.13,363,174883.73,76964.48,97
163,Home,Vertex,Lamp,31.63,61.36,336,19509.41,8881.73,90
164,Clothing,Prime,Hat,127.26,257.07,393,96966.82,46953.64,105
165,Clothing,Fusion,Jeans,179.59,400.49,435,166623.9,88502.25,104
166,Home,Prime,Lamp,278.88,376.49,381,137738.86,31485.58,90
167,Sports,Vertex,Bicycle,134.05,197.05,383,72534.17,21193.02,107
168,Sports,Prime,Tennis Racket,593.49,1228.52,196,221932.15,105608.11,66
169,Furniture,Atlas,Chair,384.6,842.27,254,199575.92,101887.52,82
170,Electronics,Pioneer,Mouse,286.41,426.75,327,133274.04,39617.97,91
171,Clothing,Fusion,Jacket,375.46,589.47,417,234019.6,77452.78,97
172,Furniture,Vertex,Standing Desk,275.41,625.18,255,152668.93,82439.37999999999,80
173,Home,Apex,Lamp,159.05,311.74,387,113909.83,52357.48,94
174,Sports,Vertex,Tennis Racket,548.27,882.71,323,268167.32,91076.11,78
175,Sports,Apex,Basketball,394.15,642.46,372,226338.66,79714.86,93
176,Electronics,Prime,Camera,365.66,822.74,220,171376.74,90931.54,78
177,Sports,Fusion,Bicycle,15.86,24.58,355,8292.02,2661.7200000000003,94
178,Clothing,Pioneer,Jeans,160.82,226.76,403,87075.81999999999,22265.36,111
179,Sports,Prime,Basketball,615.04,1340.79,121,153453.38999999998,79033.55,53
180,Sports,Fusion,Basketball,648.79,856.4,278,226774.72,46411.1,85
181,Sports,Prime,Yoga Mat,119.55,169.76,372,60018.67,15546.07,100
182,Clothing,Nova,Hat,169.03,349.89,344,114833.9,56687.58,86
183,Clothing,Apex,Jacket,279.2,362.96,394,136037.39,26032.59,110
184,Home,Nova,Vacuum,232.1,362.08,313,108334.3,35687.0,87
185,Furniture,Prime,Chair,259.45,563.01,320,171746.24,88722.24,96
186,Home,Nova,Microwave,510.85,1149.41,180,193790.55000000002,101837.55,74
187,Furniture,Nova,Bookshelf,315.89,489.63,350,164270.9,53709.4,93
188,Sports,Prime,Bicycle,667.15,907.32,367,315202.94,70358.89,96
189,Electronics,Nova,Keyboard,665.52,1377.63,163,207677.75,99197.99,71
190,Clothing,Nova,Jacket,322.36,606.04,381,219659.19999999998,96840.04000000001,100
191,Sports,Pioneer,Tennis Racket,333.66,423.75,392,157168.87,26374.15,103
192,Furniture,Vertex,Bookshelf,9.67,15.47,376,5573.09,1937.17,101
193,Sports,Fusion,Tennis Racket,392.67,801.05,290,220128.5,106254.2,92
194,Furniture,Prime,Chair,654.95,1185.46,222,248116.75,102717.85,75
195,Home,Prime,Microwave,45.57,71.09,504,34158.79,11191.51,117
196,Sports,Atlas,Tennis Racket,293.78,596.37,309,175064.4,84286.38,90
197,Home,Fusion,Blender,212.56,293.33,276,77468.43,18801.87,84
198,Clothing,Pioneer,Hat,239.41,481.21,400,183220.72,87456.72,97
199,Clothing,Fusion,Hat,444.36,893.16,337,283265.7,133516.38,102
200,Clothing,Apex,Jeans,552.39,1176.59,151,168664.13999999998,85253.25,65
201,Furniture,Nova,Cabinet,94.58,212.81,357,72525.64,38760.58,89
202,Electronics,Prime,Headphones,689.84,848.5,330,264307.7,36660.5,90
203,Electronics,Apex,Laptop,34.8,72.38,432,29929.12,14895.52,93
204,Furniture,Vertex,Cabinet,454.9,664.15,332,209506.09,58479.29,97
205,Furniture,Nova,Desk,560.52,1210.72,191,224104.25,117044.93000000001,78
206,Furniture,Atlas,Desk,230.16,398.18,295,110733.8,42836.6,98
207,Furniture,Nova,Bookshelf,391.1,547.54,427,224573.56,57573.86,115
208,Clothing,Atlas,Jeans,202.63,358.66,348,118734.38,48219.14,90
209,Home,Fusion,Microwave,412.57,944.79,189,169353.57,91377.84,74
210,Furniture,Vertex,Bookshelf,674.35,1321.73,173,209295.88999999998,92633.34,67
211,Home,Pioneer,Microwave,629.71,1303.5,165,204258.43,100356.28,68
212,Clothing,Apex,Sneakers,109.04,131.94,348,44015.19,6069.2699999999995,92
213,Sports,Nova,Football,643.87,978.68,308,286508.54,88196.58,86
214,Sports,Atlas,Football,564.74,784.99,377,283852.36,70945.38,94
215,Electronics,Vertex,Tablet,137.34,174.42,285,48000.38,8858.48,78
216,Sports,Pioneer,Football,615.67,1175.93,153,167217.21,73019.7,61
217,Clothing,Nova,Hat,69.36,111.67,350,37135.89,12859.890000000001,86
218,Electronics,Vertex,Monitor,293.68,511.0,405,195968.5,77028.1,103
219,Sports,Prime,Yoga Mat,244.78,438.16,400,164726.24,66814.24,103
220,Home,Fusion,Microwave,365.48,475.12,373,171470.82,35146.78,88
221,Furniture,Apex,Chair,630.4,1090.59,246,247727.49,92649.09,78
222,Clothing,Vertex,Jeans,395.62,589.47,357,202541.9,61305.56,98
223,Home,Apex,Coffee Maker,604.6,1354.3,176,222917.75,116508.15,77
224,Furniture,Prime,Cabinet,67.71,142.19,466,63281.590000000004,31728.73,125
225,Home,Pioneer,Microwave,630.26,1140.77,201,219084.87,92402.61,69
226,Electronics,Pioneer,Headphones,41.9,90.5,367,31783.58,16406.28,104
227,Home,Fusion,Vacuum,453.57,630.46,371,224664.38,56389.909999999996,95
228,Furniture,Vertex,Chair,312.81,622.49,371,220205.82,104153.31,99
229,Sports,Nova,Tennis Racket,676.8,1522.8,148,214410.24,114243.84,67
230,Clothing,Atlas,Jacket,124.92,228.6,429,92297.25,38706.57,101
231,Sports,Nova,Football,519.99,1128.38,188,196225.28,98467.16,71
232,Home,Pioneer,Blender,461.79,849.69,249,203075.91,88090.2,81
233,Clothing,Vertex,Jacket,389.43,529.62,396,200275.77,46061.49,94
234,Clothing,Atlas,Jeans,493.22,725.03,381,263403.42,75486.6,99
235,Sports,Apex,Football,227.54,507.41,366,176198.18,92918.54,98
236,Home,Pioneer,Vacuum,344.93,658.82,333,206144.79,91283.1,89
237,Home,Vertex,Coffee Maker,117.29,191.18,370,67065.93,23668.63,92
238,Electronics,Prime,Mouse,186.42,275.9,375,96937.45,27029.95,95
239,Home,Fusion,Lamp,502.27,668.02,404,259124.99,56207.91,97
240,Sports,Vertex,Tennis Racket,309.96,437.04,352,147391.77,38285.85,96
241,Home,Pioneer,Vacuum,117.65,183.53,339,58940.65,19057.3,89
242,Sports,Pioneer,Yoga Mat,533.02,1172.64,151,166808.04,86322.02,65
243,Electronics,Apex,Monitor,345.78,753.8,298,211742.41999999998,108699.98,94
244,Furniture,Atlas,Cabinet,666.11,1492.09,152,214189.5,112940.78,70
245,Furniture,Prime,Chair,108.72,227.22,385,83287.47,41430.27,106
246,Electronics,Prime,Tablet,556.3,912.33,290,250936.35,89609.34999999999,87
247,Electronics,Apex,Monitor,125.42,272.16,466,121192.84,62747.12,108
248,Sports,Fusion,Yoga Mat,426.57,951.25,207,184685.21,96385.22,75
249,Sports,Apex,Tennis Racket,356.61,652.6,346,214379.1,90992.04000000001,91
250,Furniture,Vertex,Standing Desk,468.81,745.41,359,252917.66,84614.87,102
251,Sports,Prime,Yoga Mat,647.39,1346.57,102,131155.89,65122.11,50
252,Electronics,Vertex,Monitor,17.05,38.87,355,12969.02,6916.2699999999995,101
253,Home,Atlas,Vacuum,571.2,1222.37,185,212753.44,107081.44,82
254,Clothing,Prime,T-Shirt,324.85,513.26,411,200504.99,66991.64,108
255,Furniture,Prime,Chair,611.04,1118.2,214,225876.4,95113.84,77
256,Electronics,Vertex,Laptop,546.37,1043.57,264,259588.02,115346.34,94
257,Sports,Vertex,Bicycle,466.49,606.44,408,235329.03,45001.11,102
258,Home,Vertex,Blender,459.36,923.31,253,223487.16,107269.08,85
259,Electronics,Fusion,Monitor,638.6,1168.64,176,197441.71000000002,85048.11,66
260,Electronics,Atlas,Monitor,482.31,844.04,263,209195.31,82347.78,83
261,Electronics,Pioneer,Tablet,281.48,534.81,374,191408.54,86135.02,95
262,Furniture,Pioneer,Desk,149.04,198.22,375,70714.99,14824.99,96
263,Home,Nova,Microwave,329.25,635.45,340,203471.13,91526.13,97
264,Electronics,Nova,Phone,85.57,138.62,399,52232.05,18089.62,105
265,Furniture,Nova,Chair,34.09,64.09,371,22550.08,9902.69,108
266,Home,Atlas,Coffee Maker,507.48,979.44,265,243292.88,108810.68000000001,92
267,Home,Pioneer,Coffee Maker,142.58,269.48,267,68919.49,30850.63,76
268,Furniture,Fusion,Desk,209.06,294.77,368,103744.26,26810.18,91
269,Clothing,Fusion,Jacket,377.62,728.81,338,233146.37,105510.81,91
270,Clothing,Apex,Hat,77.02,157.12,347,52344.52,25618.58,95
271,Furniture,Atlas,Desk,67.62,82.5,342,27031.11,3905.07,88
272,Home,Nova,Lamp,102.72,161.27,405,63064.66,21463.06,109
273,Sports,Apex,Bicycle,687.48,941.85,343,302804.79,66999.15,83
274,Home,Vertex,Coffee Maker,16.89,35.64,371,12554.24,6288.05,104
275,Clothing,Nova,Jeans,506.49,1073.76,199,201276.33,100484.81999999999,73
276,Electronics,Apex,Monitor,502.39,919.37,266,230394.13,96758.39,78
277,Furniture,Nova,Cabinet,350.11,427.13,283,115837.66,16756.53,84
278,Furniture,Fusion,Bookshelf,87.46,131.19,381,48022.05,14699.789999999999,104
279,Clothing,Apex,Hat,232.01,371.22,365,128590.65000000001,43907.0,93
280,Furniture,Nova,Chair,593.21,883.88,399,336714.13,100023.34,97
281,Furniture,Nova,Desk,102.89,178.0,315,53346.6,20936.25,85
282,Home,Vertex,Vacuum,256.47,353.93,417,140209.35,33261.36,111
283,Sports,Atlas,Yoga Mat,198.16,273.46,384,99416.35,23322.91,110
284,Electronics,Fusion,Camera,504.59,1140.37,132,144712.93,78107.05,55
285,Home,Vertex,Lamp,20.55,29.8,363,10282.49,2822.84,95
286,Clothing,Apex,Hat,456.82,1000.44,210,200238.06,104305.86,77
287,Clothing,Pioneer,Jeans,667.28,914.17,334,293082.9,70211.38,89
288,Electronics,Nova,Monitor,492.33,1058.51,168,168832.36,86120.92,72
289,Furniture,Fusion,Desk,91.66,172.32,449,73322.14,32166.8,109
290,Home,Apex,Lamp,640.37,1216.7,196,224481.13,98968.61,72
291,Home,Atlas,Blender,437.92,705.05,357,241867.32,85529.88,100
292,Clothing,Vertex,Jeans,203.11,432.62,393,163119.37,83297.14,105
293,Clothing,Prime,Sneakers,589.9,796.37,442,341563.09,80827.29,106
294,Clothing,Atlas,Sneakers,306.76,404.92,398,154598.46,32507.98,108
295,Electronics,Nova,Phone,559.1,989.61,273,255665.8,103031.5,87
296,Furniture,Fusion,Desk,565.24,1136.13,187,199504.43000000002,93804.55,74
297,Sports,Prime,Football,74.76,122.61,419,49013.42,17688.98,110
298,Electronics,Atlas,Camera,117.5,207.97,411,81378.63,33086.13,114
299,Electronics,Fusion,Phone,569.57,1104.97,272,281601.59,126678.55,87
300,Electronics,Nova,Tablet,416.96,900.63,209,177153.91,90009.27,76
301,Clothing,Nova,T-Shirt,327.1,464.48,409,177338.47,43554.57,97
302,Home,Pioneer,Microwave,75.66,95.33,330,30190.96,5223.16,90
303,Furniture,Prime,Standing Desk,60.4,75.5,429,30913.43,5001.83,99
304,Clothing,Fusion,Jeans,679.13,1528.04,112,158381.34,82318.78,50
305,Clothing,Pioneer,Jacket,561.71,780.78,390,288107.75,69040.85,95
306,Furniture,Apex,Desk,17.11,28.74,361,9936.869999999999,3760.16,98
307,Sports,Pioneer,Tennis Racket,475.07,802.87,311,240660.31,92913.54,89
308,Home,Nova,Lamp,181.36,223.07,473,101619.59,15836.31,118
309,Sports,Prime,Basketball,236.97,545.03,363,186427.49,100407.38,100
310,Furniture,Fusion,Cabinet,284.79,598.06,381,218022.74,109517.75,96
311,Clothing,Vertex,Sneakers,623.3,1047.14,251,243460.05000000002,87011.75,79
312,Electronics,Prime,Mouse,411.68,732.79,311,217455.41,89422.93000000001,95
313,Furniture,Apex,Bookshelf,18.19,22.92,346,7545.24,1251.5,95
314,Home,Apex,Microwave,300.77,463.19,379,167327.32,53335.49,101
315,Sports,Nova,Basketball,529.79,1096.67,221,224652.89,107569.3,81
316,Home,Apex,Lamp,342.53,585.73,276,155130.58,60592.3,75
317,Electronics,Vertex,Laptop,525.57,783.1,380,280467.31,80750.71,98
318,Sports,Prime,Tennis Racket,52.22,103.92,340,33628.51,15873.710000000001,95
319,Clothing,Pioneer,Hat,7.1,10.44,352,3531.32,1032.12,92
320,Electronics,Atlas,Mouse,550.2,687.75,454,295044.74,45253.94,110
321,Sports,Pioneer,Tennis Racket,31.34,57.98,274,14863.17,6276.01,75
322,Sports,Atlas,Yoga Mat,650.84,1060.87,284,288397.55,103558.98999999999,87
323,Sports,Vertex,Yoga Mat,449.02,857.63,314,251156.93,110164.65,95
324,Home,Fusion,Lamp,310.12,412.46,410,161065.61000000002,33916.409999999996,105
325,Home,Fusion,Lamp,391.8,595.54,369,208766.57,64192.37,103
326,Home,Nova,Vacuum,108.17,187.13,311,55708.56,22067.69,87
327,Home,Prime,Microwave,401.86,590.73,338,188826.81,52998.13,93
328,Furniture,Pioneer,Standing Desk,308.64,441.36,379,159507.5,42532.94,93
329,Sports,Nova,Tennis Racket,418.61,770.24,281,206385.82,88756.41,84
330,Sports,Prime,Yoga Mat,565.87,718.65,296,201868.73,34371.21,88
331,Clothing,Pioneer,Jacket,618.98,1318.43,104,129733.52,65359.6,50
332,Furniture,Fusion,Desk,153.97,194.0,354,65620.5,11115.12,86
333,Sports,Prime,Football,78.46,129.46,299,37019.090000000004,13559.55,72
334,Furniture,Apex,Desk,443.42,855.8,312,251819.15,113472.11,95
335,Electronics,Prime,Phone,168.47,328.52,332,103697.33,47765.29,89
336,Sports,Prime,Tennis Racket,361.5,632.62,313,190450.27,77300.77,81
337,Sports,Nova,Yoga Mat,631.08,1382.07,127,164397.23,84250.06999999999,55
338,Home,Pioneer,Vacuum,513.01,918.29,269,234347.59,96347.9,82
339,Sports,Prime,Bicycle,649.82,1143.68,234,255097.81,103039.93,82
340,Electronics,Vertex,Headphones,626.44,958.45,399,359466.74,109517.18,98
341,Furniture,Apex,Desk,318.65,691.47,237,155338.77,79818.72,67
342,Sports,Fusion,Tennis Racket,517.52,755.58,446,320630.35,89816.43,118
343,Sports,Vertex,Bicycle,309.18,374.11,384,138177.52,19452.399999999998,109
344,Electronics,Fusion,Laptop,185.35,231.69,373,81937.15,12801.6,95
345,Clothing,Vertex,Sneakers,468.28,988.07,230,212583.31,104878.90999999999,80
346,Furniture,Fusion,Bookshelf,396.58,606.77,339,195834.93,61394.31,88
347,Electronics,Fusion,Phone,654.23,1151.44,212,229769.86,91073.1,69
348,Sports,Fusion,Bicycle,555.07,1032.43,233,230077.06,100745.75,79
349,Sports,Fusion,Tennis Racket,109.55,219.1,452,93194.12,43677.52,108
350,Sports,Nova,Yoga Mat,466.89,588.28,391,217516.54,34962.55,100
351,Sports,Prime,Bicycle,164.39,218.64,392,81913.47,17472.59,104
352,Electronics,Fusion,Headphones,83.18,138.91,395,51473.14,18617.04,107
353,Sports,Prime,Football,128.04,193.34,386,70607.79,21184.35,99
354,Sports,Apex,Tennis Racket,160.77,321.54,302,91317.39,42764.85,85
355,Electronics,Pioneer,Camera,408.82,874.87,284,234990.09,118885.21,99
356,Home,Atlas,Coffee Maker,208.53,260.66,394,97512.88,15352.06,106
357,Home,Atlas,Blender,585.39,942.48,336,293912.37,97221.33,89
358,Furniture,Apex,Standing Desk,655.21,1094.2,303,316497.35,117968.72,95
359,Home,Nova,Lamp,222.11,282.08,368,98304.87,16568.39,87
360,Furniture,Vertex,Cabinet,239.92,388.67,435,158830.04,54464.84,106
361,Clothing,Fusion,Hat,533.23,1125.12,162,171862.07,85478.81,64
362,Clothing,Atlas,Hat,384.96,461.95,421,186928.09,24859.93,110
363,Furniture,Atlas,Standing Desk,376.56,674.04,410,258528.03,104138.43000000001,104
364,Furniture,Apex,Cabinet,33.56,56.38,380,20465.93,7713.13,93
365,Home,Atlas,Microwave,110.18,252.31,300,72551.75,39497.75,88
366,Home,Atlas,Lamp,405.15,676.6,359,234678.71,89229.86,97
367,Electronics,Prime,Phone,213.43,307.34,381,110980.45,29663.62,103
368,Electronics,Atlas,Monitor,253.63,514.87,362,178788.62,86974.56,94
369,Furniture,Vertex,Chair,501.74,662.3,373,237864.97,50715.95,98
370,Home,Vertex,Microwave,626.64,990.09,344,320096.1,104531.94,92
371,Electronics,Fusion,Keyboard,228.25,401.72,523,200237.35,80862.6,126
372,Clothing,Apex,T-Shirt,637.46,1019.94,315,305472.07,104672.17,92
373,Clothing,Nova,Sneakers,105.53,141.41,411,55093.38,11720.550000000001,111
374,Home,Pioneer,Blender,456.95,987.01,197,182794.29,92775.14,68
375,Clothing,Fusion,Jeans,24.64,44.84,359,15236.63,6390.87,89
376,Electronics,Pioneer,Camera,530.15,917.16,338,290372.84,111182.14,94
377,Electronics,Atlas,Tablet,491.64,909.53,277,236068.48,99884.2,85
378,Sports,Pioneer,Basketball,384.96,866.16,241,195708.86,102933.5,84
379,Electronics,Nova,Headphones,325.9,589.88,384,217665.74,92520.14,101
380,Clothing,Prime,T-Shirt,312.78,519.21,276,138187.80000000002,51860.520000000004,85
381,Electronics,Fusion,Monitor,588.62,1106.61,283,294247.63,127668.17,91
382,Home,Atlas,Blender,384.41,722.69,320,222263.33000000002,99252.13,95
383,Sports,Pioneer,Football,490.72,902.92,239,206768.67,89486.59,75
384,Sports,Fusion,Tennis Racket,311.04,690.51,322,210950.79,110795.91,95
385,Sports,Apex,Bicycle,483.64,1039.83,176,172091.84,86971.2,72
386,Clothing,Pioneer,Hat,186.55,287.29,402,109486.22,34493.12,100
387,Electronics,Atlas,Phone,91.26,123.2,360,42232.96,9379.36,100
388,Furniture,Apex,Desk,592.15,1219.83,167,191330.35,92441.3,72
389,Furniture,Nova,Bookshelf,622.96,778.7,390,289793.25,46838.850000000006,105
390,Electronics,Nova,Camera,59.63,116.28,363,40157.27,18511.579999999998,92
391,Furniture,Prime,Cabinet,378.78,776.5,303,223399.04,108628.7,93
392,Home,Pioneer,Coffee Maker,297.77,437.72,332,137684.8,38825.159999999996,89
393,Furniture,Apex,Desk,362.69,540.41,425,218731.0,64587.75,108
394,Sports,Nova,Basketball,268.39,324.75,378,117591.91,16140.49,107
395,Sports,Atlas,Tennis Racket,214.29,289.29,419,116034.23,26246.72,104
396,Sports,Fusion,Bicycle,129.35,196.61,386,71919.98,21990.88,92
397,Home,Atlas,Blender,550.93,1107.37,166,170645.65,79191.27,68
398,Sports,Apex,Yoga Mat,304.78,502.89,405,192506.28,69070.38,100
399,Home,Apex,Blender,117.47,246.69,292,68826.5,34525.26,81
400,Clothing,Fusion,Sneakers,606.3,1054.96,276,275344.51,108005.71,95
401,Clothing,Prime,Hat,625.26,1144.23,262,282739.29,118921.17,95
402,Clothing,Atlas,Jeans,675.51,952.47,375,340746.16,87429.91,101
403,Sports,Prime,Basketball,300.48,441.71,426,176993.15,48988.67,106
404,Clothing,Prime,Jeans,560.26,1210.16,180,204274.96,103428.16,71
405,Furniture,Apex,Chair,540.45,848.51,364,291251.08,94527.28,103
406,Electronics,Atlas,Phone,280.56,440.48,369,154013.83000000002,50487.19,101
407,Clothing,Pioneer,Jacket,648.12,784.23,358,263501.29,31474.33,90
408,Home,Vertex,Coffee Maker,599.62,797.49,340,255874.62,52003.82,86
409,Clothing,Fusion,Jacket,674.48,1402.92,131,170665.22,82308.34,57
410,Home,Apex,Microwave,220.88,298.19,383,108377.08,23780.04,100
411,Sports,Vertex,Basketball,276.15,361.76,344,117644.33,22648.73,87
412,Clothing,Prime,T-Shirt,69.15,152.13,338,49290.08,25917.38,89
413,Sports,Fusion,Bicycle,375.72,665.02,360,228434.38,93175.18,100
414,Electronics,Nova,Laptop,533.54,1216.47,191,218964.64,117058.5,74
415,Electronics,Fusion,Camera,414.22,944.42,267,236341.12,125744.38,89
416,Home,Vertex,Lamp,93.86,202.74,345,67309.72,34928.02,89
417,Sports,Prime,Tennis Racket,618.32,983.13,322,299313.9,100214.86,88
418,Electronics,Fusion,Keyboard,315.05,721.46,328,220911.04,117574.64,102
419,Clothing,Vertex,Jacket,448.82,749.53,360,256339.25,94764.05,93
420,Electronics,Vertex,Tablet,42.16,75.04,371,26489.13,10847.77,91
421,Home,Atlas,Blender,163.44,258.24,335,82456.04000000001,27703.64,86
422,Home,Prime,Lamp,38.43,69.56,326,21476.63,8948.45,88
423,Furniture,Vertex,Standing Desk,688.46,1542.15,115,165858.24,86685.34,56
424,Clothing,Prime,Jacket,90.77,164.29,421,66126.69,27912.52,102
425,Furniture,Prime,Cabinet,230.39,340.98,362,116922.03,33520.85,103
426,Clothing,Apex,T-Shirt,26.85,60.14,434,24976.14,13323.24,112
427,Clothing,Pioneer,Jeans,203.22,347.51,353,117527.88,45791.22,94
428,Furniture,Vertex,Chair,592.63,758.57,378,270164.68,46150.54,100
429,Furniture,Apex,Chair,654.59,1492.47,157,223646.64,120876.01,72
430,Sports,Fusion,Tennis Racket,536.92,1073.84,213,214445.88,100081.92,87
431,Sports,Fusion,Basketball,318.27,697.01,329,217397.43,112686.6,104
432,Furniture,Pioneer,Chair,466.83,891.65,293,245917.1,109135.91,89
433,Furniture,Prime,Bookshelf,122.96,173.37,394,65169.770000000004,16723.53,105
434,Sports,Nova,Tennis Racket,268.76,373.58,434,155353.23,38711.39,105
435,Home,Nova,Blender,501.38,962.65,252,228725.57,102377.81,87
436,Electronics,Apex,Headphones,673.81,1421.74,143,191366.24,95011.41,64
437,Clothing,Prime,Jacket,28.07,52.49,324,15980.56,6885.88,90
438,Furniture,Vertex,Standing Desk,504.83,883.45,289,241402.72,95506.84999999999,87
439,Clothing,Vertex,Hat,626.19,976.86,365,335942.13,107382.78,108
440,Clothing,Pioneer,T-Shirt,29.86,65.99,409,25818.54,13605.800000000001,96
441,Electronics,Fusion,Phone,502.03,823.33,273,208961.09,71906.9,80
442,Sports,Fusion,Bicycle,362.36,460.2,365,158469.87,26208.47,93
443,Clothing,Pioneer,Jacket,198.8,294.22,451,128000.4,38341.6,116
444,Clothing,Atlas,Jeans,187.01,235.63,427,95618.66,15765.39,105
445,Furniture,Fusion,Cabinet,615.91,1207.18,149,169246.61000000002,77476.02,62
446,Sports,Atlas,Tennis Racket,156.12,309.12,438,128253.88,59873.32,106
447,Electronics,Prime,Laptop,451.04,866.0,297,245857.4,111898.52,92
448,Clothing,Atlas,Jacket,452.34,606.14,408,237152.32,52597.6,105
449,Home,Atlas,Lamp,361.18,534.55,487,250089.2,74194.54000000001,116
450,Home,Atlas,Lamp,399.69,667.48,415,263754.73,97883.38,110
451,Sports,Prime,Tennis Racket,544.61,1181.8,191,213905.8,109885.29000000001,80
452,Sports,Fusion,Basketball,217.72,496.4,380,176321.28,93587.68000000001,106
453,Sports,Prime,Football,587.07,774.93,373,274828.9,55851.79,94
454,Home,Prime,Coffee Maker,181.39,264.83,459,117994.99,34736.98,108
455,Electronics,Vertex,Headphones,498.78,693.3,350,227610.33,53037.33,89
456,Furniture,Vertex,Cabinet,455.84,843.3,261,208801.05,89826.81,78
457,Sports,Vertex,Football,170.6,353.14,260,88779.42,44423.42,78
458,Electronics,Vertex,Camera,25.91,57.26,322,17409.86,9066.84,88
459,Sports,Atlas,Football,688.47,1218.59,237,275096.61,111929.22,87
460,Electronics,Prime,Monitor,121.61,161.74,388,59253.47,12068.79,100
461,Electronics,Nova,Laptop,133.65,185.77,321,56678.39,13776.74,96
462,Electronics,Fusion,Phone,485.71,786.85,394,300301.32,108931.58,105
463,Home,Prime,Vacuum,36.49,44.88,352,15059.51,2215.03,91
464,Sports,Pioneer,Tennis Racket,644.09,1249.53,195,231287.97,105690.42,75
465,Home,Apex,Vacuum,12.79,16.5,445,7048.76,1357.21,104
466,Furniture,Nova,Standing Desk,271.68,353.18,419,140865.82,27031.9,101
467,Furniture,Vertex,Cabinet,206.11,319.47,379,116957.98,38842.29,88
468,Electronics,Prime,Laptop,551.39,827.09,381,299737.43,89657.84,91
469,Sports,Prime,Football,140.52,216.4,434,89795.18000000001,28809.5,107
470,Sports,Nova,Bicycle,583.28,1207.39,171,191431.65,91690.77,64
471,Electronics,Fusion,Monitor,514.67,1178.59,177,200301.32,109204.73,69
472,Home,Apex,Coffee Maker,7.44,15.62,334,4986.71,2501.75,94
473,Clothing,Apex,Hat,268.54,569.3,315,169281.35,84691.25,87
474,Electronics,Pioneer,Laptop,307.96,699.07,260,171307.15,91237.55,77
475,Home,Pioneer,Microwave,191.73,245.41,394,91108.52,15566.9,105
476,Home,Nova,Blender,212.87,276.73,380,99664.28,18773.68,102
477,Furniture,Apex,Standing Desk,6.1,10.31,413,4065.2,1545.9,104
478,Electronics,Atlas,Headphones,431.81,954.3,213,193722.88,101747.34999999999,73
479,Clothing,Nova,Hat,331.26,589.64,386,215572.38999999998,87706.03,114
480,Clothing,Atlas,Hat,533.35,890.69,317,266672.62,97600.67,89
481,Furniture,Pioneer,Standing Desk,390.0,631.8,395,238062.24,84012.24,108
482,Sports,Atlas,Tennis Racket,437.17,603.29,371,212599.36,50409.29,109
483,Home,Atlas,Vacuum,371.93,665.75,322,206182.77,86421.31,88
484,Sports,Fusion,Tennis Racket,628.91,1144.62,199,217019.94999999998,91866.86,76
485,Sports,Nova,Yoga Mat,548.2,701.7,335,227315.76,43668.76,94
486,Clothing,Prime,Hat,302.98,484.77,352,162325.16999999998,55676.21,91
487,Electronics,Atlas,Camera,628.27,772.77,408,301264.34,44930.18,109
488,Furniture,Fusion,Chair,20.48,26.62,419,10617.4,2036.28,105
489,Clothing,Atlas,Sneakers,595.24,1125.0,216,228825.0,100253.16,77
490,Sports,Nova,Football,269.2,411.88,390,153034.03,48046.03,99
491,Sports,Atlas,Basketball,533.93,1217.36,144,166047.9,89161.98,59
492,Clothing,Apex,Jacket,658.82,1357.17,121,152138.74,72421.52,50
493,Clothing,Fusion,Hat,223.48,502.83,363,171993.01,90869.77,104
494,Home,Pioneer,Microwave,207.1,269.23,332,86086.29000000001,17329.09,87
495,Furniture,Prime,Bookshelf,211.27,392.96,370,139618.7,61448.8,98
496,Electronics,Pioneer,Phone,381.56,793.64,253,191267.26,94732.58,76
497,Sports,Atlas,Football,199.83,373.68,377,133609.31,58273.4,95
498,Home,Vertex,Coffee Maker,307.84,427.9,344,139388.41,33491.45,93
499,Sports,Fusion,Yoga Mat,237.32,439.04,332,138165.92,59375.68,79
500,Electronics,Vertex,Keyboard,506.1,809.76,381,293173.61,100349.51000000001,100
501,Electronics,Prime,Mouse,478.31,770.08,443,326436.89,114545.56,124
502,Electronics,Nova,Mouse,307.41,541.04,358,182249.3,72196.52,87
503,Sports,Fusion,Football,92.8,200.45,338,64194.05,32827.65,92
504,Electronics,Pioneer,Laptop,656.98,821.23,352,274619.35,43362.39,97
505,Home,Fusion,Coffee Maker,648.11,1419.36,121,161594.13999999998,83172.83,53
506,Clothing,Vertex,T-Shirt,324.25,463.68,266,116499.61,30249.11,81
507,Clothing,Atlas,Sneakers,694.36,1215.13,226,262225.03,105299.67,74
508,Sports,Apex,Bicycle,621.76,1349.22,158,199617.11000000002,101379.03,70
509,Electronics,Prime,Laptop,66.83,118.29,405,46109.45,19043.3,97
510,Sports,Fusion,Football,116.84,174.09,217,35810.32,10456.04,70
511,Furniture,Fusion,Desk,99.69,165.49,391,62149.76,23170.97,102
512,Sports,Prime,Bicycle,9.34,11.86,385,4365.64,769.74,106
513,Clothing,Nova,Hat,450.83,915.18,202,173060.54,81992.88,73
514,Electronics,Atlas,Phone,404.18,917.49,231,196709.85,103344.27,82
515,Furniture,Prime,Bookshelf,620.71,819.34,414,327162.46,70188.52,108
516,Electronics,Nova,Mouse,134.22,173.14,325,53638.78,10017.28,89
517,Clothing,Fusion,Jacket,663.17,1425.82,166,224210.21,114123.99,75
518,Electronics,Nova,Tablet,143.73,178.23,378,64929.18,10599.24,93
519,Home,Fusion,Lamp,223.17,272.27,427,110895.59999999999,15602.01,103
520,Clothing,Apex,T-Shirt,614.69,1124.88,226,242636.62,103716.68,80
521,Sports,Pioneer,Bicycle,490.89,711.79,406,276993.04,77691.7,96
522,Furniture,Atlas,Cabinet,367.72,606.74,370,214118.56,78062.16,94
523,Sports,Vertex,Football,606.32,1000.43,321,304630.95,110002.23,92
524,Sports,Nova,Bicycle,198.92,342.14,401,130697.51000000001,50930.590000000004,110
525,Home,Atlas,Vacuum,671.74,1390.5,154,200649.15,97201.19,66
526,Furniture,Atlas,Bookshelf,145.52,224.1,317,67947.09,21817.25,85
527,Electronics,Nova,Monitor,631.68,1263.36,161,191209.55,89509.06999999999,64
528,Electronics,Prime,Keyboard,235.94,323.24,410,127291.93000000001,30556.53,105
529,Sports,Nova,Tennis Racket,285.28,556.3,419,217958.31,98425.98999999999,101
530,Home,Prime,Blender,153.27,332.6,295,93577.01,48362.36,86
531,Clothing,Prime,Sneakers,182.94,373.2,411,145846.56,70658.22,107
532,Furniture,Atlas,Standing Desk,610.59,836.51,346,275630.04,64365.9,87
533,Electronics,Fusion,Headphones,604.12,1377.39,165,213564.29,113884.48999999999,73
534,Electronics,Vertex,Headphones,316.22,585.01,446,248044.29,107010.17,109
535,Clothing,Atlas,Jeans,652.01,1141.02,216,232596.94,91762.78,71
536,Clothing,Prime,Jacket,225.95,327.63,438,138505.61000000002,39539.51,115
537,Clothing,Apex,Sneakers,640.93,1147.26,251,272646.32,111772.89,88
538,Clothing,Apex,T-Shirt,314.63,531.72,371,188574.46,71846.73,104
539,Electronics,Apex,Headphones,255.27,479.91,392,179390.37,79324.53,106
540,Electronics,Atlas,Mouse,672.84,928.52,389,343784.52,82049.76,103
541,Furniture,Apex,Desk,417.88,748.01,337,237156.63,96331.07,102
542,Clothing,Apex,T-Shirt,34.54,65.28,453,28174.85,12528.23,111
543,Electronics,Nova,Phone,623.19,816.38,342,266548.05,53417.07,92
544,Electronics,Nova,Camera,546.34,1223.8,132,152179.53,80062.65000000001,61
545,Sports,Pioneer,Basketball,103.92,217.19,348,71922.40000000001,35758.24,85
546,Home,Vertex,Microwave,42.52,83.76,284,22866.48,10790.8,83
547,Electronics,Vertex,Headphones,503.38,810.44,296,225180.73,76180.25,80
548,Clothing,Vertex,Jeans,490.55,632.81,322,189874.68,31917.579999999998,84
549,Electronics,Apex,Phone,468.47,655.86,367,231551.33000000002,59622.84,91
550,Sports,Vertex,Bicycle,610.99,775.96,401,299675.76,54668.77,93
551,Home,Vertex,Vacuum,59.86,79.02,382,29083.32,6216.8,100
552,Furniture,Pioneer,Standing Desk,676.8,1299.46,145,182574.11000000002,84438.11,63
553,Sports,Apex,Bicycle,310.91,677.78,337,216110.13,111333.45999999999,93
554,Electronics,Fusion,Camera,201.35,453.04,431,185383.99,98602.14,109
555,Electronics,Fusion,Camera,494.41,1053.09,210,207564.03,103737.93,84
556,Sports,Pioneer,Tennis Racket,39.41,62.66,368,22015.56,7512.68,93
557,Sports,Pioneer,Bicycle,452.52,995.54,178,166603.62,86055.06,66
558,Electronics,Pioneer,Laptop,11.76,19.17,329,5984.87,2115.83,88
559,Sports,Nova,Football,679.04,1392.03,118,154793.77,74667.05,56
560,Furniture,Vertex,Cabinet,87.37,131.93,367,46360.17,14295.380000000001,98
561,Electronics,Pioneer,Monitor,302.74,532.82,327,165707.04,66711.06,82
562,Clothing,Atlas,T-Shirt,55.05,84.23,337,27067.34,8515.49,88
563,Electronics,Atlas,Monitor,693.39,1088.62,313,318965.68,101934.61,97
564,Sports,Prime,Football,672.09,1075.34,340,343087.24,114576.64,106
565,Furniture,Nova,Standing Desk,481.79,756.41,348,248442.91999999998,80780.0,113
566,Clothing,Fusion,Sneakers,54.11,68.72,346,22540.19,3818.13,96
567,Sports,Atlas,Tennis Racket,14.07,17.17,398,6542.63,942.77,101
568,Home,Pioneer,Lamp,45.86,82.55,358,28636.58,12218.699999999999,103
569,Home,Vertex,Microwave,187.62,386.5,402,146754.06,71330.81999999999,108
570,Home,Pioneer,Lamp,190.6,371.67,419,148779.56,68918.16,112
571,Furniture,Atlas,Chair,401.34,610.04,379,220132.91999999998,68025.06,97
572,Clothing,Fusion,Jacket,19.26,31.39,389,11709.98,4217.84,95
573,Home,Vertex,Coffee Maker,237.25,287.07,423,116478.66,16121.91,106
574,Clothing,Fusion,T-Shirt,55.65,79.58,374,28497.55,7684.45,107
575,Clothing,Apex,Jeans,95.36,155.44,390,58639.74,21449.34,96
576,Electronics,Nova,Camera,378.38,529.73,388,195629.28,48817.84,96
577,Furniture,Prime,Cabinet,493.21,670.77,325,207334.97,47041.72,86
578,Furniture,Nova,Standing Desk,235.07,305.59,376,109783.14,21396.82,110
579,Electronics,Prime,Laptop,451.99,985.34,212,199285.06,103463.18,76
580,Electronics,Atlas,Mouse,174.78,332.08,390,122421.26,54257.06,94
581,Sports,Vertex,Yoga Mat,359.75,528.83,364,180939.2,49990.2,95
582,Electronics,Prime,Phone,271.9,459.51,399,177049.22,68561.12,101
583,Furniture,Pioneer,Cabinet,649.63,980.94,311,290113.01,88078.08,83
584,Clothing,Atlas,Sneakers,237.19,512.33,395,193225.23,99535.18,104
585,Sports,Prime,Tennis Racket,318.55,681.7,272,175946.79,89301.19,78
586,Furniture,Prime,Desk,123.84,248.92,335,79343.24,37856.84,87
587,Home,Prime,Blender,121.4,151.75,332,47004.56,6699.76,99
588,Furniture,Prime,Bookshelf,471.37,1022.87,188,181201.47,92583.91,67
589,Electronics,Vertex,Tablet,323.01,513.59,425,207053.77,69774.52,115
590,Electronics,Nova,Keyboard,326.05,557.55,414,220483.08,85498.38,109
591,Sports,Nova,Football,5.76,9.73,321,2972.48,1123.52,92
592,Clothing,Nova,Jacket,161.83,328.51,444,138056.33,66203.81,105
593,Furniture,Nova,Chair,304.86,685.94,304,198922.65000000002,106245.21,86
594,Sports,Atlas,Football,51.93,114.25,360,38850.71,20155.91,97
595,Electronics,Atlas,Camera,507.34,994.39,280,263413.88,121358.68000000001,86
596,Electronics,Fusion,Headphones,78.96,104.23,423,42135.04,8734.96,111
597,Furniture,Nova,Cabinet,263.14,476.28,364,166650.38999999998,70867.43,97
598,Sports,Fusion,Bicycle,400.44,684.75,329,209191.13,77446.37,78
599,Furniture,Pioneer,Desk,270.3,478.43,286,129104.33,51798.53,89
600,Electronics,Prime,Mouse,642.43,1111.4,283,293409.60000000003,111601.91,90
601,Sports,Atlas,Football,51.68,117.83,325,36574.51,19778.51,94
602,Furniture,Vertex,Cabinet,636.49,1101.13,291,300002.83,114784.24,94
603,Sports,Prime,Bicycle,235.53,511.1,252,122715.1,63361.54,74
604,Electronics,Pioneer,Phone,696.82,940.71,412,370592.73,83502.89,109
605,Home,Vertex,Coffee Maker,5.85,8.19,403,3135.43,777.88,105
606,Sports,Prime,Bicycle,377.97,714.36,284,194591.68,87248.2,80
607,Furniture,Apex,Chair,465.43,637.64,327,201015.99,48820.38,88
608,Electronics,Pioneer,Keyboard,198.73,455.09,463,200762.91999999998,108750.93000000001,122
609,Furniture,Pioneer,Chair,647.57,1392.28,146,191090.45,96545.23,60
610,Electronics,Apex,Phone,297.91,670.3,260,165899.23,88442.63,76
611,Sports,Pioneer,Tennis Racket,498.83,982.7,216,197620.99,89873.70999999999,74
612,Furniture,Nova,Desk,93.67,177.97,406,69808.72,31778.7,100
613,Clothing,Pioneer,Jacket,157.22,210.67,294,59040.299999999996,12817.62,89
614,Home,Pioneer,Microwave,254.63,565.28,342,185157.51,98074.05,95
615,Electronics,Prime,Monitor,264.19,372.51,333,118588.53,30613.26,87
616,Furniture,Nova,Cabinet,70.01,109.92,375,39082.04,12828.289999999999,101
617,Home,Prime,Blender,280.13,336.16,405,129404.8,15952.15,95
618,Electronics,Prime,Mouse,502.1,928.89,377,330452.58,141160.88,109
619,Home,Atlas,Microwave,324.42,532.05,399,205238.24,75794.66,102
620,Electronics,Nova,Monitor,96.75,123.84,389,45653.590000000004,8017.84,100
621,Furniture,Prime,Cabinet,67.31,131.25,456,56916.57,26223.21,110
622,Electronics,Nova,Camera,212.48,456.83,308,134308.05,68864.20999999999,84
623,Furniture,Nova,Cabinet,525.61,935.59,247,216074.45,86248.78,86
624,Electronics,Atlas,Keyboard,177.32,400.74,348,128497.27,66789.91,89
625,Clothing,Vertex,T-Shirt,435.96,710.61,422,283142.66,99167.54,119
626,Sports,Nova,Basketball,562.01,798.05,440,332507.44,85223.04000000001,100
627,Home,Fusion,Microwave,14.72,18.55,393,6956.29,1171.33,96
628,Sports,Fusion,Bicycle,678.34,1126.04,285,302454.36,109127.45999999999,91
629,Home,Vertex,Vacuum,271.3,534.46,313,160952.57,76035.67,89
630,Electronics,Atlas,Headphones,256.63,325.92,457,143029.99,25750.08,109
631,Clothing,Fusion,Jeans,213.85,265.17,399,99955.85,14629.7,103
632,Home,Vertex,Coffee Maker,480.98,899.43,289,243790.5,104787.28,86
633,Furniture,Pioneer,Cabinet,294.7,356.59,380,129495.59,17509.59,95
634,Sports,Prime,Yoga Mat,121.26,170.98,469,75829.61,18958.67,112
635,Furniture,Nova,Bookshelf,98.61,213.98,462,94268.87,48711.05,114
636,Electronics,Prime,Keyboard,678.22,1003.77,364,346702.08,99830.0,108
637,Home,Pioneer,Coffee Maker,644.15,1294.74,193,239332.7,115011.75,79
638,Sports,Pioneer,Bicycle,190.26,260.66,434,106427.42,23854.58,112
639,Sports,Atlas,Tennis Racket,447.18,1006.15,161,152683.24,80687.26000000001,58
640,Home,Pioneer,Lamp,665.51,1251.16,201,240598.05000000002,106830.54,86
641,Sports,Apex,Yoga Mat,107.53,156.99,363,54161.520000000004,15128.130000000001,92
642,Electronics,Apex,Headphones,188.25,267.31,393,100187.81999999999,26205.57,101
643,Furniture,Apex,Chair,505.51,1142.45,201,216608.56,115001.05,85
644,Home,Apex,Coffee Maker,622.83,1202.06,208,236084.59,106535.95,80
645,Sports,Vertex,Football,161.31,240.35,356,82067.48,24641.12,89
646,Electronics,Apex,Monitor,58.9,116.62,398,44152.35,20710.15,100
647,Sports,Pioneer,Yoga Mat,286.94,461.97,400,177742.97,62966.97,97
648,Clothing,Fusion,Jeans,605.18,1246.67,187,219102.28000000003,105933.62,76
649,Sports,Fusion,Bicycle,352.07,732.31,280,195087.38999999998,96507.79,85
650,Sports,Pioneer,Bicycle,506.61,1134.81,165,172491.19999999998,88900.55,67
651,Clothing,Apex,Jacket,255.54,373.09,383,135394.34,37522.52,93
652,Sports,Fusion,Yoga Mat,693.83,1040.75,273,269710.33,80294.74,81
653,Sports,Fusion,Tennis Racket,270.7,565.76,356,193065.6,96696.4,99
654,Furniture,Apex,Standing Desk,92.9,129.13,450,55868.07,14063.07,107
655,Clothing,Atlas,T-Shirt,377.16,829.75,297,233574.66,121558.14,92
656,Clothing,Nova,Hat,642.36,989.23,307,289151.96,91947.44,92
657,Clothing,Apex,Jacket,533.49,992.29,228,215773.47,94137.75,82
658,Clothing,Fusion,Hat,269.99,413.08,358,140591.79,43935.37,104
659,Furniture,Fusion,Desk,598.15,873.3,396,326570.47,89703.07,111
660,Clothing,Atlas,Jacket,171.52,351.62,330,109828.54,53226.94,77
661,Electronics,Prime,Keyboard,131.21,174.51,331,55249.88,11819.37,91
662,Clothing,Pioneer,T-Shirt,698.4,1571.4,145,218503.17,117235.17,68
663,Sports,Vertex,Tennis Racket,140.81,291.48,368,102498.94,50680.86,95
664,Home,Apex,Vacuum,214.19,331.99,409,126820.14,39216.43,106
665,Furniture,Pioneer,Desk,319.7,527.5,399,200159.88,72599.58,99
666,Home,Nova,Coffee Maker,77.45,170.39,372,60258.39,31446.989999999998,97
667,Electronics,Apex,Phone,349.5,622.11,449,265174.41,108248.91,118
668,Furniture,Pioneer,Chair,652.69,841.97,406,329968.0,64975.86,105
669,Sports,Apex,Yoga Mat,69.2,154.32,337,48904.01,25583.61,97
670,Clothing,Pioneer,Jacket,150.34,315.71,391,117428.31,58645.37,99
671,Clothing,Prime,Jacket,305.9,672.98,352,223025.57,115348.77,106
672,Home,Pioneer,Blender,190.61,371.69,342,121951.48,56762.86,94
673,Home,Vertex,Vacuum,83.14,117.23,441,49002.19,12337.45,115
674,Electronics,Prime,Headphones,558.66,1206.71,195,224508.42,115569.72,76
675,Furniture,Vertex,Chair,633.93,1084.02,312,320869.91,123083.75,95
676,Sports,Vertex,Yoga Mat,283.21,441.81,399,168197.13,55196.34,100
677,Furniture,Nova,Bookshelf,7.37,11.13,390,4066.89,1192.59,105
678,Electronics,Atlas,Mouse,571.63,1200.42,138,158155.34,79270.4,59
679,Electronics,Pioneer,Laptop,649.66,1039.46,297,292244.15,99295.13,96
680,Sports,Fusion,Basketball,30.27,66.9,320,20448.0,10761.6,97
681,Furniture,Fusion,Chair,50.67,70.94,351,23644.3,5859.13,88
682,Furniture,Vertex,Desk,300.67,559.25,435,232731.89,101940.44,110
683,Sports,Fusion,Basketball,539.62,777.05,337,249471.87,67619.93000000001,91
684,Sports,Nova,Basketball,348.59,481.05,367,168175.04,40242.51,94
685,Furniture,Apex,Desk,142.69,268.26,431,110026.8,48527.41,103
686,Furniture,Pioneer,Cabinet,544.02,756.19,360,259562.2,63715.0,89
687,Electronics,Fusion,Tablet,405.05,765.54,339,248991.91,111679.96,100
688,Furniture,Atlas,Standing Desk,93.84,151.08,323,46555.31,16244.99,86
689,Clothing,Vertex,Jacket,637.13,866.5,327,273640.71,65299.2,90
690,Home,Atlas,Coffee Maker,491.02,692.34,393,260666.03,67695.17,105
691,Sports,Prime,Tennis Racket,126.14,191.73,360,64574.6,19164.2,88
692,Home,Vertex,Coffee Maker,548.39,795.17,359,269204.75,72332.74,87
693,Home,Nova,Microwave,65.54,104.21,417,41428.729999999996,14098.550000000001,101
694,Home,Fusion,Microwave,68.69,85.86,418,34309.61,5597.19,113
695,Electronics,Nova,Tablet,275.42,481.99,351,161346.1,64673.68,86
696,Sports,Nova,Football,581.69,826.0,379,296575.3,76114.79,97
697,Electronics,Nova,Laptop,346.52,474.73,354,159414.32,36746.24,93
698,Clothing,Pioneer,Hat,159.47,360.4,332,114481.06,61537.02,101
699,Sports,Fusion,Football,495.73,1120.35,161,170517.28,90704.75,64
700,Home,Fusion,Blender,376.22,556.81,397,209833.88,60474.54,95
701,Home,Vertex,Coffee Maker,230.4,467.71,390,174151.81,84295.81,89
702,Furniture,Pioneer,Chair,685.88,1550.09,130,189731.01,100566.61,59
703,Furniture,Atlas,Chair,666.84,1473.72,158,218847.42,113486.7,79
704,Electronics,Vertex,Phone,529.3,804.54,430,330545.24,102946.24,111
705,Clothing,Atlas,Hat,693.32,1483.7,128,175892.67,87147.71,52
706,Furniture,Fusion,Chair,129.15,290.59,351,97899.7,52568.05,91
707,Electronics,Apex,Headphones,132.21,288.22,425,116700.29,60511.04,102
708,Furniture,Vertex,Standing Desk,460.98,1009.55,179,169503.48,86988.06,74
709,Home,Atlas,Coffee Maker,51.34,98.06,378,35129.99,15723.47,97
710,Electronics,Apex,Keyboard,280.79,581.24,446,246009.84,120777.5,109
711,Electronics,Vertex,Monitor,9.39,18.22,387,6658.49,3024.56,100
712,Sports,Apex,Bicycle,541.66,1039.99,186,183922.16999999998,83173.41,68
713,Furniture,Prime,Desk,622.49,796.79,432,328277.39999999997,59361.72,107
714,Home,Prime,Coffee Maker,283.9,357.71,339,115719.19,19477.09,82
715,Clothing,Fusion,Sneakers,164.32,346.72,296,97809.71,49170.99,83
716,Clothing,Prime,Sneakers,48.96,97.92,349,32666.1,15579.06,103
717,Home,Nova,Vacuum,256.26,379.26,355,129649.98,38677.68,89
718,Furniture,Pioneer,Desk,260.96,435.8,370,152617.16,56061.96,96
719,Clothing,Pioneer,T-Shirt,58.86,120.07,345,39292.93,18986.23,87
720,Clothing,Pioneer,Jeans,302.64,369.22,396,138955.96,19110.52,107
721,Electronics,Apex,Headphones,416.74,595.94,367,208638.66,55695.08,101
722,Home,Nova,Lamp,350.17,731.86,246,169169.42,83027.6,83
723,Home,Vertex,Vacuum,568.79,693.92,365,241796.43,34188.08,97
724,Home,Prime,Coffee Maker,468.33,599.46,329,184124.14,30043.57,85
725,Home,Vertex,Vacuum,99.49,192.02,368,68099.88,31487.56,100
726,Clothing,Prime,T-Shirt,658.86,1205.71,235,270320.18,115488.08,92
727,Home,Pioneer,Lamp,285.46,510.97,384,186580.69,76964.05,89
728,Home,Fusion,Microwave,30.25,68.06,342,22228.39,11882.890000000001,93
729,Furniture,Fusion,Desk,119.66,208.21,434,87094.31,35161.87,101
730,Furniture,Vertex,Desk,559.53,1275.73,116,141924.96,77019.48,55
731,Furniture,Nova,Bookshelf,458.16,888.83,298,247628.06,111096.38,87
732,Home,Atlas,Blender,488.34,1103.65,157,164664.59,87995.20999999999,65
733,Sports,Vertex,Yoga Mat,455.88,756.76,449,322985.16,118295.04,116
734,Furniture,Apex,Cabinet,630.58,1242.24,167,192671.44,87364.58,65
735,Furniture,Fusion,Desk,423.82,801.02,281,213712.16,94618.73999999999,92
736,Clothing,Pioneer,Jeans,135.92,305.82,429,124912.16,66602.48,113
737,Sports,Nova,Bicycle,131.27,175.9,406,68029.29,14733.67,109
738,Furniture,Nova,Desk,412.33,655.6,393,244866.6,82820.91,86
739,Clothing,Apex,Sneakers,566.25,849.38,324,260292.48,76827.48,85
740,Sports,Nova,Yoga Mat,560.68,846.63,347,279006.95,84450.99,97
741,Electronics,Fusion,Laptop,102.49,231.63,344,76368.47,41111.91,95
742,Home,Fusion,Blender,219.88,424.37,511,204779.72,92421.04000000001,128
743,Home,Fusion,Microwave,211.93,358.16,366,126788.62,49222.24,95
744,Clothing,Apex,T-Shirt,296.75,421.38,418,165412.73,41371.229999999996,103
745,Home,Nova,Vacuum,183.57,286.37,361,97265.56,30996.79,90
746,Home,Fusion,Coffee Maker,250.34,493.17,366,172535.51,80911.07,102
747,Furniture,Apex,Desk,414.26,671.1,401,252937.58,86819.31999999999,101
748,Sports,Fusion,Yoga Mat,433.44,979.57,186,169661.51,89041.67,62
749,Electronics,Apex,Phone,618.5,1125.67,208,222151.02000000002,93503.02,67
750,Furniture,Vertex,Cabinet,488.68,708.59,378,254312.91,69591.87,98
751,Electronics,Vertex,Mouse,417.53,830.88,271,212331.37,99180.74,85
752,Clothing,Fusion,Jeans,81.53,145.12,327,45161.3,18500.99,86
753,Home,Nova,Coffee Maker,301.46,440.13,377,159811.17,46160.75,101
754,Clothing,Prime,Hat,206.54,367.64,416,147975.1,62054.46,116
755,Sports,Apex,Tennis Racket,535.6,1001.57,276,256401.93,108576.33,87
756,Clothing,Apex,Sneakers,461.93,679.04,370,241228.97999999998,70314.88,90
757,Clothing,Apex,Jeans,523.0,805.42,314,237437.82,73215.82,89
758,Electronics,Atlas,Keyboard,430.33,705.74,314,208581.49,73457.87,82
759,Sports,Pioneer,Football,528.32,776.63,393,292090.56,84460.8,94
760,Clothing,Atlas,Jeans,406.93,614.46,335,193524.12,57202.57,89
761,Clothing,Pioneer,Sneakers,188.34,335.25,410,131401.28,54181.88,112
762,Sports,Apex,Football,106.54,133.18,330,42371.2,7213.0,82
763,Sports,Pioneer,Yoga Mat,94.17,188.34,318,57151.78,27205.72,91
764,Furniture,Prime,Cabinet,469.96,841.23,266,214345.42,89336.06,88
765,Sports,Vertex,Tennis Racket,601.4,902.1,376,320425.9,94299.5,105
766,Furniture,Prime,Desk,677.3,1557.79,134,195892.06,105133.86,61
767,Sports,Nova,Yoga Mat,94.72,185.65,349,61765.73,28708.45,95
768,Home,Prime,Vacuum,337.86,516.93,394,192530.55,59413.71,109
769,Sports,Prime,Bicycle,138.94,262.6,388,97201.39,43292.67,92
770,Home,Vertex,Blender,238.99,497.1,356,168541.76,83461.32,95
771,Furniture,Apex,Desk,174.88,218.6,421,88106.73,14482.25,104
772,Sports,Nova,Yoga Mat,594.54,963.15,270,249263.22,88737.42,85
773,Furniture,Nova,Cabinet,160.3,201.98,357,69137.72,11910.62,90
774,Furniture,Vertex,Standing Desk,79.11,162.97,372,57634.31,28205.39,100
775,Home,Atlas,Blender,601.64,1293.53,143,174238.48,88203.96,62
776,Sports,Pioneer,Yoga Mat,137.27,252.58,346,83263.02,35767.6,90
777,Home,Prime,Vacuum,390.99,652.95,375,236204.66,89583.41,87
778,Electronics,Apex,Monitor,661.35,985.41,322,298480.69,85525.99,85
779,Sports,Fusion,Bicycle,136.46,268.83,352,90017.73,41983.81,95
780,Home,Atlas,Coffee Maker,63.83,92.55,349,30240.73,7964.0599999999995,84
781,Sports,Vertex,Bicycle,38.4,54.91,322,16873.82,4509.02,83
782,Furniture,Vertex,Bookshelf,114.51,222.15,307,65234.41,30079.84,85
783,Electronics,Vertex,Monitor,140.46,238.78,446,101529.25,38884.09,118
784,Clothing,Apex,Sneakers,149.5,197.34,287,53863.96,10957.460000000001,75
785,Furniture,Pioneer,Bookshelf,501.37,832.27,356,280017.27,101529.55,99
786,Home,Prime,Lamp,582.68,722.52,354,239659.85,33391.13,97
787,Clothing,Prime,Jacket,400.51,604.77,436,251342.38,76720.02,106
788,Sports,Nova,Basketball,111.33,232.68,394,86126.49,42262.47,105
789,Home,Apex,Microwave,623.04,791.26,329,249721.63,44741.47,80
790,Furniture,Nova,Desk,214.96,457.86,335,146858.55,74846.95,84
791,Furniture,Apex,Chair,377.91,782.27,274,202568.84,99021.5,89
792,Electronics,Apex,Tablet,117.58,212.82,368,74465.7,31196.26,97
793,Home,Apex,Microwave,240.15,405.85,451,172932.71,64625.06,119
794,Furniture,Vertex,Chair,144.72,256.15,346,84580.71,34507.590000000004,109
795,Sports,Apex,Football,11.48,14.01,385,5145.91,726.11,99
796,Home,Nova,Lamp,694.1,999.5,353,333982.93,88965.63,96
797,Furniture,Fusion,Desk,157.52,233.13,408,90034.75,25766.59,104
798,Home,Fusion,Vacuum,515.17,690.33,380,248070.03,52305.43,93
799,Home,Prime,Blender,653.31,790.51,358,271856.42,37971.44,90
800,Home,Apex,Coffee Maker,544.25,1017.75,242,230825.7,99117.2,83
801,Clothing,Apex,Jacket,629.56,793.25,406,301831.61,46230.25,109
802,Clothing,Vertex,Jacket,43.95,98.45,407,38114.9,20227.25,91
803,Furniture,Fusion,Cabinet,391.51,579.43,394,217431.15,63176.21,102
804,Furniture,Prime,Chair,25.19,37.79,318,11342.619999999999,3332.2,85
805,Furniture,Nova,Desk,93.3,142.75,378,51133.05,15865.65,97
806,Sports,Vertex,Basketball,68.15,135.62,378,48789.29,23028.59,97
807,Furniture,Fusion,Standing Desk,41.22,66.36,291,18487.89,6492.87,73
808,Home,Pioneer,Blender,464.08,835.34,268,212092.84,87719.4,85
809,Electronics,Apex,Camera,451.32,884.59,306,252904.23,114800.31,87
810,Clothing,Atlas,Sneakers,78.58,162.66,351,55133.56,27551.98,95
811,Furniture,Atlas,Standing Desk,39.78,63.65,343,20673.5,7028.96,86
812,Furniture,Prime,Cabinet,611.32,1027.02,292,282122.43,103616.98999999999,86
813,Home,Nova,Coffee Maker,240.94,520.43,377,187302.78,96468.40000000001,99
814,Furniture,Atlas,Chair,225.08,279.1,363,96819.82,15115.78,97
815,Clothing,Pioneer,Sneakers,278.97,499.36,412,194925.16,79989.52,106
816,Clothing,Vertex,Hat,508.67,691.79,407,267688.08,60659.39,99
817,Home,Prime,Coffee Maker,440.9,749.53,298,211105.07,79716.87,89
818,Electronics,Nova,Tablet,74.31,95.86,320,28772.38,4993.18,82
819,Electronics,Pioneer,Camera,676.38,845.48,407,327412.13,52125.47,117
820,Clothing,Atlas,Hat,294.07,649.89,293,179662.1,93499.59,90
821,Electronics,Prime,Phone,320.82,401.02,368,140757.98,22696.22,98
822,Home,Vertex,Blender,487.04,1013.04,246,235531.8,115719.95999999999,87
823,Sports,Atlas,Football,250.0,462.5,385,170361.87,74111.87,104
824,Sports,Apex,Bicycle,487.64,682.7,359,234132.01,59069.25,87
825,Electronics,Fusion,Camera,75.91,105.51,318,32317.73,8178.35,88
826,Home,Vertex,Blender,178.59,323.25,293,89524.05,37197.18,78
827,Furniture,Vertex,Desk,255.7,388.66,370,135972.69,41363.69,101
828,Electronics,Pioneer,Headphones,127.42,248.47,334,79920.4,37362.12,96
829,Clothing,Vertex,Hat,615.95,997.84,319,300299.98,103811.93000000001,93
830,Furniture,Vertex,Desk,486.19,1021.0,186,181533.8,91102.46,73
831,Clothing,Prime,Jeans,214.92,464.23,333,149110.68,77542.31999999999,94
832,Electronics,Atlas,Keyboard,354.03,626.63,310,184135.25,74385.95,86
833,Sports,Fusion,Tennis Racket,646.1,781.78,336,252436.72,35347.12,97
834,Electronics,Pioneer,Tablet,12.18,19.61,386,7138.1,2436.62,97
835,Home,Prime,Lamp,480.63,615.21,358,209017.66,36952.12,101
836,Clothing,Apex,Jacket,552.68,934.03,358,319017.95,121158.51,98
837,Sports,Vertex,Football,281.1,534.09,352,178279.28,79332.08,95
838,Furniture,Apex,Cabinet,520.05,863.28,336,274997.82,100261.02,92
839,Furniture,Prime,Bookshelf,645.29,1109.9,233,239738.39,89385.81999999999,84
840,Furniture,Nova,Chair,638.87,1162.74,220,239698.92,99147.52,77
841,Home,Nova,Vacuum,620.65,980.63,245,226035.26,73976.01000000001,77
842,Furniture,Atlas,Cabinet,98.01,188.18,406,72458.71,32666.65,111
843,Furniture,Apex,Chair,416.81,554.36,444,235547.58000000002,50483.94,117
844,Home,Apex,Coffee Maker,34.22,63.31,407,24507.28,10579.74,107
845,Sports,Pioneer,Yoga Mat,166.65,244.98,297,68900.58,19405.53,77
846,Furniture,Apex,Bookshelf,124.79,234.61,287,63145.32,27330.59,71
847,Furniture,Pioneer,Desk,304.87,390.23,365,135624.47,24346.92,101
848,Clothing,Atlas,Hat,362.49,692.36,267,173678.46,76893.63,83
849,Clothing,Vertex,T-Shirt,140.2,280.4,373,99275.62,46981.02,95
850,Sports,Prime,Basketball,35.31,64.62,371,22678.39,9578.380000000001,98
851,Furniture,Vertex,Chair,49.64,94.81,329,29495.44,13163.88,95
852,Furniture,Nova,Desk,665.08,924.46,310,274980.62,68805.82,84
853,Clothing,Nova,Jeans,360.4,792.88,277,207853.51,108022.71,89
854,Clothing,Fusion,Hat,111.79,187.81,334,59845.71,22507.85,96
855,Sports,Nova,Yoga Mat,694.05,1061.9,346,349418.21,109276.91,95
856,Electronics,Atlas,Phone,373.93,557.16,378,200856.13999999998,59510.6,96
857,Electronics,Vertex,Headphones,219.97,338.75,430,137939.04,43351.94,115
858,Electronics,Atlas,Laptop,557.26,780.16,398,295251.55,73462.07,105
859,Home,Prime,Microwave,448.61,776.1,272,198060.78,76038.86,77
860,Clothing,Fusion,Hat,232.47,467.26,390,175105.65,84442.35,100
861,Home,Apex,Blender,662.28,1086.14,303,306019.99,105349.15,91
862,Electronics,Pioneer,Headphones,508.33,732.0,348,241852.8,64953.96,88
863,Furniture,Fusion,Desk,429.31,854.33,242,192181.48,88288.45999999999,76
864,Furniture,Apex,Chair,57.2,80.08,349,26462.4,6499.6,95
865,Electronics,Atlas,Laptop,202.6,378.86,383,137886.08,60290.28,104
866,Furniture,Atlas,Desk,200.58,347.0,329,109183.55,43192.729999999996,94
867,Sports,Fusion,Basketball,67.58,145.3,288,39601.54,20138.5,76
868,Furniture,Atlas,Bookshelf,413.75,765.44,281,205941.67,89677.92,86
869,Clothing,Vertex,Hat,485.01,635.36,409,248171.6,49802.51,108
870,Sports,Nova,Football,82.07,147.73,481,67593.79,28118.12,117
871,Furniture,Pioneer,Bookshelf,298.46,364.12,381,131083.19,17369.93,100
872,Furniture,Vertex,Desk,48.36,76.41,337,24470.34,8173.02,96
873,Furniture,Vertex,Cabinet,238.98,430.16,502,204283.0,84315.04,117
874,Electronics,Prime,Laptop,228.63,285.79,459,126076.22,21135.05,103
875,Furniture,Vertex,Standing Desk,174.77,311.09,346,103406.33,42935.909999999996,93
876,Sports,Vertex,Basketball,655.05,1185.64,251,283012.27,118594.72,82
877,Home,Prime,Lamp,123.79,255.01,478,118044.17,58872.55,124
878,Sports,Pioneer,Basketball,46.45,76.18,388,27767.62,9745.02,96
879,Home,Vertex,Coffee Maker,576.73,1170.76,187,202073.2,94224.69,68
880,Furniture,Vertex,Chair,591.47,1354.47,119,150278.46,79893.53,55
881,Sports,Vertex,Tennis Racket,625.6,1213.66,141,160385.15,72175.55,62
882,Furniture,Atlas,Bookshelf,288.22,582.2,350,191747.57,90870.57,90
883,Clothing,Prime,T-Shirt,618.87,1398.65,141,185111.36000000002,97850.69,61
884,Home,Fusion,Coffee Maker,281.37,371.41,280,97755.17,18971.57,85
885,Sports,Nova,Bicycle,675.77,892.02,350,293786.78,57267.28,94
886,Furniture,Vertex,Chair,466.36,965.37,230,209774.89,102512.09,79
887,Furniture,Prime,Cabinet,110.89,215.13,476,96625.6,43841.96,124
888,Sports,Pioneer,Football,247.78,349.37,463,152604.8,37882.66,114
889,Sports,Prime,Basketball,372.21,580.65,417,232608.34,77396.77,111
890,Electronics,Fusion,Headphones,667.1,1154.08,198,215466.72,83380.92,65
891,Electronics,Apex,Laptop,298.63,564.41,394,212923.73,95263.51,96
892,Sports,Atlas,Football,9.36,20.5,376,7389.22,3869.86,99
893,Sports,Vertex,Basketball,600.13,1254.27,181,218054.88,109431.35,80
894,Electronics,Fusion,Tablet,329.63,557.07,404,215892.51,82721.99,91
895,Electronics,Apex,Camera,643.16,1260.59,184,218145.07,99803.62999999999,74
896,Sports,Vertex,Yoga Mat,407.79,729.94,305,208543.9,84167.95,83
897,Sports,Pioneer,Bicycle,248.21,434.37,419,170294.7,66294.71,113
898,Electronics,Pioneer,Tablet,492.54,792.99,365,269021.82,89244.72,102
899,Home,Prime,Lamp,272.21,378.37,361,129648.44,31380.63,95
900,Clothing,Fusion,Hat,581.46,784.97,366,272973.3,60158.939999999995,86
901,Furniture,Vertex,Standing Desk,433.64,802.23,261,199153.63,85973.59,87
902,Clothing,Fusion,Jeans,160.34,240.51,358,81809.49,24407.77,100
903,Electronics,Atlas,Camera,518.03,1129.31,140,148617.21,76093.01,59
904,Sports,Vertex,Basketball,314.31,594.05,317,180086.27,80450.0,88
905,Sports,Apex,Yoga Mat,299.02,684.76,284,184166.16,99244.48,82
906,Electronics,Nova,Camera,404.0,662.56,392,248625.63999999998,90257.64,101
907,Sports,Apex,Basketball,389.51,720.59,353,240280.71,102783.68,98
908,Home,Prime,Blender,393.61,767.54,356,257202.66999999998,117077.51,105
909,Sports,Atlas,Bicycle,286.91,367.24,381,135658.46,26345.75,102
910,Furniture,Nova,Cabinet,562.38,1197.87,156,176027.02,88295.74,64
911,Home,Atlas,Microwave,173.56,367.95,345,119436.56999999999,59558.369999999995,100
912,Clothing,Prime,Jacket,282.07,519.01,326,160945.03,68990.21,85
913,Sports,Atlas,Basketball,698.08,1061.08,331,335036.02,103971.54,96
914,Sports,Prime,Basketball,189.33,293.46,400,112938.04,37206.04,106
915,Sports,Fusion,Football,465.7,824.29,277,216623.41,87624.51,75
916,Electronics,Nova,Mouse,675.57,898.51,342,294576.51,63531.57,87
917,Furniture,Fusion,Bookshelf,101.98,173.37,315,51976.3,19852.6,86
918,Home,Nova,Blender,389.25,852.46,253,203524.78,105044.53,80
919,Sports,Apex,Football,193.04,409.24,344,132818.82,66413.06,93
920,Sports,Atlas,Basketball,540.27,648.32,373,231904.02,30383.309999999998,101
921,Sports,Nova,Tennis Racket,137.02,264.45,428,106917.14,48272.58,111
922,Clothing,Atlas,Sneakers,217.06,455.83,354,153911.02,77071.78,87
923,Furniture,Prime,Cabinet,418.53,719.87,405,276574.09,107069.44,100
924,Electronics,Nova,Mouse,294.12,632.36,407,245260.79,125553.95,116
925,Furniture,Nova,Bookshelf,552.87,1221.84,207,238686.44,124242.35,81
926,Electronics,Fusion,Monitor,36.92,58.33,462,25595.12,8538.08,120
927,Home,Atlas,Vacuum,416.56,899.77,253,214595.12,109205.44,79
928,Clothing,Apex,Jacket,17.01,38.61,408,15169.88,8229.8,103
929,Home,Atlas,Blender,72.48,108.0,404,41688.0,12406.08,100
930,Furniture,Apex,Bookshelf,685.23,1322.49,168,211796.75,96678.11,68
931,Home,Fusion,Microwave,400.79,701.38,366,246885.74,100196.59999999999,106
932,Electronics,Pioneer,Phone,373.92,516.01,360,174798.44,40187.24,81
933,Electronics,Fusion,Laptop,83.53,169.57,374,60366.85,29126.63,102
934,Clothing,Apex,T-Shirt,38.09,57.14,331,17896.27,5288.48,93
935,Clothing,Nova,Jeans,96.41,178.36,378,64093.65,27650.67,91
936,Home,Fusion,Microwave,195.61,309.06,420,123608.56,41452.36,109
937,Sports,Apex,Yoga Mat,573.86,923.91,299,259711.1,88126.96,80
938,Electronics,Nova,Headphones,103.53,213.27,335,68640.99,33958.44,81
939,Clothing,Fusion,Jeans,429.84,722.13,444,302211.37,111362.41,116
940,Furniture,Vertex,Standing Desk,653.05,1332.22,195,244862.08,117517.33,80
941,Furniture,Vertex,Desk,428.25,668.07,337,214650.93,70330.68,87
942,Clothing,Apex,Sneakers,556.22,823.21,342,265938.03,75710.79000000001,97
943,Home,Prime,Microwave,215.98,328.29,385,119645.3,36493.0,108
944,Clothing,Apex,Jeans,420.11,781.4,302,224418.08,97544.86,97
945,Furniture,Atlas,Desk,594.43,1248.3,196,228126.78,111618.5,79
946,Furniture,Vertex,Standing Desk,9.24,19.5,435,8062.2699999999995,4042.87,109
947,Clothing,Vertex,Jeans,511.41,736.43,412,291294.92,80594.0,104
948,Sports,Vertex,Basketball,7.31,10.75,325,3308.28,932.53,96
949,Furniture,Pioneer,Desk,651.71,827.67,438,344062.47000000003,58613.49,103
950,Home,Pioneer,Coffee Maker,646.58,1228.5,167,196007.18,88028.31999999999,70
951,Home,Atlas,Microwave,114.15,234.01,358,78849.72,37984.02,91
952,Sports,Pioneer,Football,434.15,785.81,287,216372.84,91771.79000000001,90
953,Clothing,Pioneer,Hat,230.68,322.95,436,134056.54,33480.06,104
954,Clothing,Pioneer,Jacket,478.48,756.0,347,250954.2,84921.64,99
955,Clothing,Apex,T-Shirt,287.23,654.88,406,248919.94,132304.56,112
956,Home,Nova,Blender,432.39,730.74,383,264966.32,99360.95,105
957,Clothing,Apex,T-Shirt,372.72,708.17,346,233058.73,104097.61,92
958,Clothing,Apex,Hat,69.46,117.39,263,29905.05,11637.07,77
959,Clothing,Vertex,Sneakers,165.07,264.11,278,70292.86,24403.4,74
960,Clothing,Pioneer,Jacket,211.81,457.51,413,182958.26,95480.73,108
961,Clothing,Nova,T-Shirt,584.12,1244.18,139,163174.22,81981.54,57
962,Clothing,Atlas,Hat,213.69,446.61,477,204994.05,103063.92,120
963,Home,Atlas,Coffee Maker,185.67,395.48,388,147415.19,75375.23,107
964,Furniture,Atlas,Desk,236.69,411.84,378,147726.98,58258.16,102
965,Electronics,Fusion,Monitor,140.69,250.43,309,74127.35,30654.14,79
966,Electronics,Pioneer,Phone,483.42,705.79,390,264494.76,75960.96,101
967,Sports,Nova,Tennis Racket,686.38,1146.25,221,235497.08,83807.09999999999,69
968,Sports,Prime,Yoga Mat,356.69,777.58,241,177249.37,91287.08,78
969,Sports,Atlas,Basketball,250.08,347.61,395,131865.92,33084.32,99
970,Home,Fusion,Coffee Maker,11.7,24.69,375,8845.18,4457.68,93
971,Furniture,Nova,Standing Desk,480.57,740.08,457,321416.75,101796.26,121
972,Home,Vertex,Blender,288.97,609.73,388,226026.85,113906.49,106
973,Clothing,Atlas,Jacket,340.43,711.5,323,217612.23,107653.34,101
974,Electronics,Apex,Phone,360.76,775.63,274,201276.05,102427.81,88
975,Home,Fusion,Microwave,135.65,204.83,342,66795.09,20402.79,90
976,Home,Fusion,Vacuum,515.98,872.01,266,219833.76,82583.08,75
977,Furniture,Nova,Cabinet,567.31,1049.52,219,217985.33000000002,93744.44,69
978,Clothing,Atlas,Jacket,150.88,247.44,372,87544.28,31416.92,99
979,Sports,Prime,Tennis Racket,183.58,295.56,398,111012.38,37947.54,108
980,Home,Atlas,Blender,680.31,1074.89,279,282964.82,93158.33,91
981,Sports,Nova,Tennis Racket,412.16,506.96,447,218094.18,33858.659999999996,109
982,Electronics,Fusion,Laptop,374.92,678.61,297,190893.05,79541.81,88
983,Furniture,Prime,Cabinet,16.79,36.94,376,13215.3,6902.26,97
984,Clothing,Atlas,Jacket,71.16,91.8,339,29871.72,5748.4800000000005,92
985,Home,Pioneer,Lamp,206.9,314.49,359,106470.58,32193.48,95
986,Clothing,Prime,Sneakers,197.47,440.36,322,135939.11,72353.77,90
987,Sports,Prime,Bicycle,435.38,970.9,173,159810.11,84489.37,59
988,Sports,Atlas,Yoga Mat,410.07,688.92,347,224415.68,82121.39,96
989,Clothing,Apex,Sneakers,233.37,462.07,317,141601.35,67623.06,100
990,Sports,Prime,Football,662.09,1337.42,167,214054.11000000002,103485.08,65
991,Sports,Pioneer,Basketball,129.51,165.77,390,61600.1,11091.2,98
992,Sports,Pioneer,Yoga Mat,513.13,959.55,211,194356.81,86086.38,79
993,Electronics,Pioneer,Tablet,212.97,381.22,409,148275.58000000002,61170.85,102
994,Sports,Apex,Yoga Mat,629.61,1076.63,252,258821.88,100160.16,79
995,Sports,Apex,Tennis Racket,212.98,481.33,399,182135.2,97156.18000000001,98
996,Electronics,Fusion,Keyboard,557.39,797.07,361,273116.09,71898.3,91
997,Furniture,Nova,Cabinet,696.47,1587.95,103,150220.07,78483.66,55
998,Electronics,Vertex,Tablet,509.65,968.33,261,232931.78999999998,99913.14,88
999,Sports,Atlas,Tennis Racket,242.49,407.38,443,170244.03,62820.96,126
1000,Electronics,Fusion,Phone,406.79,760.7,339,244983.49,107081.68,103
